...Sólin Er Sest Og Dapurleikinn Tekinn Við (Bless),For A Minor Reflection,"Reistu Þig Við, Sólin Er Komin Á Loft..."
6025 Días sin Luz,Baikonur,¿Quién vigila al hombre cansado?
A Moll,For A Minor Reflection,Höldum í átt að óreiðu
"All Is Violent, All Is Bright",God Is An Astronaut,"All Is Violent, All Is Bright"
Andlega Veðurtepptir,For A Minor Reflection,Höldum í átt að óreiðu
Ashes in the Snow,Mono,nan
Átta,For A Minor Reflection,Höldum í átt að óreiðu
Auguri,Baikonur,¿Quién vigila al hombre cansado?
Cuestiones Positivas,Baikonur,¿Quién vigila al hombre cansado?
Dansi Dans,For A Minor Reflection,Höldum í átt að óreiðu
Fallegt Útsýni,For A Minor Reflection,"Reistu Þig Við, Sólin Er Komin Á Loft..."
Fire Flies And Empty Skies,God Is An Astronaut,"All Is Violent, All Is Bright"
First Breath After Coma,Explosions In The Sky,The Earth Is Not A Cold Dead Place
Flóð,For A Minor Reflection,Höldum í átt að óreiðu
Forever Lost,God Is An Astronaut,"All Is Violent, All Is Bright"
Fragile,God Is An Astronaut,"All Is Violent, All Is Bright"
Golden Porsche,Mogwai,Happy Songs for Happy People [Japan Bonus Track]
Hunted By a Freak,Mogwai,Happy Songs for Happy People [Japan Bonus Track]
"Hægt, Kemur Ljósið",Ólafur Arnalds,...And They Have Escaped the Weight of Darkness Disc 1
I Know You Are But What Am I?,Mogwai,Happy Songs for Happy People [Japan Bonus Track]
Kastljós,For A Minor Reflection,Höldum í átt að óreiðu
Killing All the Flies,Mogwai,Happy Songs for Happy People [Japan Bonus Track]
Last Known Surroundings,Explosions In The Sky,"Take Care, Take Care, Take Care"
Let Me Back In,Explosions In The Sky,"Take Care, Take Care, Take Care"
Letters to the Metro,Mogwai,"Hardcore Will Never Die, But You Will"
Mogwai Fear Satan,Mogwai,Young Team Cd 1
Óhljóð,For A Minor Reflection,"Reistu Þig Við, Sólin Er Komin Á Loft..."
Ókyrrð,For A Minor Reflection,"Reistu Þig Við, Sólin Er Komin Á Loft..."
Postcard from 1952,Explosions In The Sky,"Take Care, Take Care, Take Care"
Punto Jonbar,Baikonur,¿Quién vigila al hombre cansado?
Radio Protector,65daysofstatic,nan
Rano Pano,Mogwai,"Hardcore Will Never Die, But You Will"
Ratts of the Capital,Mogwai,Happy Songs for Happy People [Japan Bonus Track]
"Reistu Þig Við, Sólin Er Komin Á Loft...",For A Minor Reflection,"Reistu Þig Við, Sólin Er Komin Á Loft..."
San Pedro,Mogwai,"Hardcore Will Never Die, But You Will"
Scotland's Shame,Mogwai,The Hawk Is Howling
Sjáumst Í Virginíu,For A Minor Reflection,Höldum í átt að óreiðu
The Moon Is Down,Explosions In The Sky,Those Who Tell The Truth Shall Die
The Only Moment We Were Alone,Explosions In The Sky,The Earth Is Not A Cold Dead Place
The Sun Smells Too Loud,Mogwai,The Hawk Is Howling
The World Is Our,This Will Destroy You,nan
Threads,This Will Destroy You,nan
TNT,Tortoise,nan
Twenty Two Fourteen,The Album Leaf,nan
White Noise,Mogwai,"Hardcore Will Never Die, But You Will"
Yasmin the Light,Explosions In The Sky,Those Who Tell The Truth Shall Die
Your Hand in Mine,Explosions In The Sky,The Earth Is Not A Cold Dead Place
